van@ van 123
dat@ dat 123
dung@ dung 123
nguyentridung@ tridung 123
quynhtran@ quynh 123456
git@ git 123
datnguyenvan@ dat123 123
hieu@ hieu 123
conghieu@gmail.com hieunguyen 123
baongan@ ngan 123
hoa@ hoa 1234
thanh@ thanh 123
@hieudat hieudat2222 987
username@ user1 123
nguyencong cong 123
username123 username 123
hiu@ hiu 0987
harry@ harry 123
hiumu@ hiumu 9876
dat1@ dat1 123
dat2@ dat2 123
minhthongkkk thong1 123456
dat5@ dat5 123
123 123 123
user@ user 123
